row_id,outlet_match,adfontes_bias,adfontes_reliability,adfontes_url,mbfc_bias,mbfc_factual,mbfc_url,notes
LN01,Washington Examiner,11.15,34.19,https://adfontesmedia.com/washington-examiner-bias-and-reliability/,Right-Center,Mostly Factual,https://mediabiasfactcheck.com/washington-examiner/,"fetched 2026-09-14 ~09:30 UTC (research/lean/adfontes-*.html, mbfc-*.html); Ad Fontes bias scale roughly -42 (left) to +42 (right), reliability 0–64; MBFC labels as published"
LN02,The Next Web,,,,Left-Center,Mostly Factual,https://mediabiasfactcheck.com/the-next-web/,"fetched 2026-09-14 ~09:30 UTC (research/lean/adfontes-*.html, mbfc-*.html); Ad Fontes bias scale roughly -42 (left) to +42 (right), reliability 0–64; MBFC labels as published"
LN03,Breitbart,13.56,30.42,https://adfontesmedia.com/breitbart-bias-and-reliability/,Right,Mixed,https://mediabiasfactcheck.com/breitbart/,"fetched 2026-09-14 ~09:30 UTC (research/lean/adfontes-*.html, mbfc-*.html); Ad Fontes bias scale roughly -42 (left) to +42 (right), reliability 0–64; MBFC labels as published"
LN04,Daily Caller,12.8,34.42,https://adfontesmedia.com/daily-caller-bias-and-reliability/,,,,"fetched 2026-09-14 ~09:30 UTC (research/lean/adfontes-*.html, mbfc-*.html); Ad Fontes bias scale roughly -42 (left) to +42 (right), reliability 0–64; MBFC labels as published"
LN05,ZeroHedge,17.13,20.87,https://adfontesmedia.com/zerohedge-bias-and-reliability/,Right,Low,https://mediabiasfactcheck.com/zero-hedge/,"fetched 2026-09-14 ~09:30 UTC (research/lean/adfontes-*.html, mbfc-*.html); Ad Fontes bias scale roughly -42 (left) to +42 (right), reliability 0–64; MBFC labels as published"
LN06,New York Times,-8.01,40.85,https://adfontesmedia.com/new-york-times-bias-and-reliability/,Left-Center,High,https://mediabiasfactcheck.com/new-york-times/,"fetched 2026-09-14 ~09:30 UTC (research/lean/adfontes-*.html, mbfc-*.html); Ad Fontes bias scale roughly -42 (left) to +42 (right), reliability 0–64; MBFC labels as published"
LN07,Wall Street Journal,4.32,43.11,https://adfontesmedia.com/wall-street-journal-bias-and-reliability/,Right-Center,Mostly Factual,https://mediabiasfactcheck.com/wall-street-journal/,"fetched 2026-09-14 ~09:30 UTC (research/lean/adfontes-*.html, mbfc-*.html); Ad Fontes bias scale roughly -42 (left) to +42 (right), reliability 0–64; MBFC labels as published"
LN08,NPR,-4.36,42.68,https://adfontesmedia.com/npr-bias-and-reliability/,Left-Center,High,https://mediabiasfactcheck.com/npr/,"fetched 2026-09-14 ~09:30 UTC (research/lean/adfontes-*.html, mbfc-*.html); Ad Fontes bias scale roughly -42 (left) to +42 (right), reliability 0–64; MBFC labels as published"
LN09,Axios,-3.34,42.53,https://adfontesmedia.com/axios-bias-and-reliability/,Left-Center,High,https://mediabiasfactcheck.com/axios/,"fetched 2026-09-14 ~09:30 UTC (research/lean/adfontes-*.html, mbfc-*.html); Ad Fontes bias scale roughly -42 (left) to +42 (right), reliability 0–64; MBFC labels as published"
LN10,CNBC,,,,Left-Center,Mostly Factual,https://mediabiasfactcheck.com/cnbc/,"fetched 2026-09-14 ~09:30 UTC (research/lean/adfontes-*.html, mbfc-*.html); Ad Fontes bias scale roughly -42 (left) to +42 (right), reliability 0–64; MBFC labels as published"
LN11,TechCrunch,-0.47,45.3,https://adfontesmedia.com/techcrunch-bias-and-reliability/,Left-Center,High,https://mediabiasfactcheck.com/techcrunch/,"fetched 2026-09-14 ~09:30 UTC (research/lean/adfontes-*.html, mbfc-*.html); Ad Fontes bias scale roughly -42 (left) to +42 (right), reliability 0–64; MBFC labels as published"
LN12,Bloomberg,-2.84,40.85,https://adfontesmedia.com/bloomberg-news-bias-and-reliability/,,,,"fetched 2026-09-14 ~09:30 UTC (research/lean/adfontes-*.html, mbfc-*.html); Ad Fontes bias scale roughly -42 (left) to +42 (right), reliability 0–64; MBFC labels as published"
LN13,Washington Post,-7.02,38.6,https://adfontesmedia.com/washington-post-bias-and-reliability/,Left-Center,Mostly Factual,https://mediabiasfactcheck.com/washington-post/,"fetched 2026-09-14 ~09:30 UTC (research/lean/adfontes-*.html, mbfc-*.html); Ad Fontes bias scale roughly -42 (left) to +42 (right), reliability 0–64; MBFC labels as published"
LN14,CNBC / NBC News,-4.95,42.79,https://adfontesmedia.com/nbc-bias-and-reliability/,Left-Center,High,https://mediabiasfactcheck.com/nbc-news/,"fetched 2026-09-14 ~09:30 UTC (research/lean/adfontes-*.html, mbfc-*.html); Ad Fontes bias scale roughly -42 (left) to +42 (right), reliability 0–64; MBFC labels as published"
LN15,Semafor,-5.3,39.76,https://adfontesmedia.com/semafor-bias-and-reliability/,Least biased,High,https://mediabiasfactcheck.com/semafor/,"fetched 2026-09-14 ~09:30 UTC (research/lean/adfontes-*.html, mbfc-*.html); Ad Fontes bias scale roughly -42 (left) to +42 (right), reliability 0–64; MBFC labels as published"
LN16,Reuters,-1.39,44.98,https://adfontesmedia.com/reuters-bias-and-reliability/,Least biased,Very High,https://mediabiasfactcheck.com/reuters/,"fetched 2026-09-14 ~09:30 UTC (research/lean/adfontes-*.html, mbfc-*.html); Ad Fontes bias scale roughly -42 (left) to +42 (right), reliability 0–64; MBFC labels as published"
LN17,The Verge,-7.27,38.1,https://adfontesmedia.com/the-verge-bias-and-reliability/,Left-Center,,https://mediabiasfactcheck.com/the-verge/,"fetched 2026-09-14 ~09:30 UTC (research/lean/adfontes-*.html, mbfc-*.html); Ad Fontes bias scale roughly -42 (left) to +42 (right), reliability 0–64; MBFC labels as published"
LN18,(unrated),,,,,,,"No Ad Fontes or MBFC page found for: CDM, TechPolicy.Press, Tech Insider, Eastern Herald, ITmedia, Digital Today, ShellyPalmer.com, AI: Reset to Zero, Neowin, Kingy AI, The Stack, LiveNewsChat, MarkTechPost, Unite.AI, Aivy, Stocktwits, The Telegraph (UK; MBFC slugs returned the Indian and Australian papers), The Information"
