row_id,fiscal_year,window,schedule_i_row,recipient,ein,city,state,amount,purpose,tier,canonical_name,overlaps_known_portfolios
VG001,FY2023,2022-07-01..2023-06-30,17,1DAY SOONER INC,851103820,CLAYMONT,DE,250000,FOR RECIPIENT'S EXEMPT PURPOSE,A-EA infrastructure,1Day Sooner,Tallinn ledger; Coefficient/OpenPhil index
VG002,FY2023,2022-07-01..2023-06-30,408,ALIGNMENT RESEARCH CENTER,863605182,COVINA,CA,201000,FOR RECIPIENT'S EXEMPT PURPOSE,A-AI safety,Alignment Research Center,Tallinn ledger; Coefficient/OpenPhil index; SFF-2024
VG003,FY2023,2022-07-01..2023-06-30,926,ANIMAL CHARITY EVALUATORS,364684978,COVINA,CA,385353,FOR RECIPIENT'S EXEMPT PURPOSE,C-EA animal,Animal Charity Evaluators,Coefficient/OpenPhil index
VG004,FY2023,2022-07-01..2023-06-30,3069,CENTER FOR APPLIED RATIONALITY,453100226,BERKELEY,CA,10000,FOR RECIPIENT'S EXEMPT PURPOSE,A-AI safety,Center for Applied Rationality,Tallinn ledger; Coefficient/OpenPhil index; SFF-2023-H2
VG005,FY2023,2022-07-01..2023-06-30,3094,CENTER FOR ELECTION SCIENCE,452334002,COVINA,CA,106000,FOR RECIPIENT'S EXEMPT PURPOSE,A-EA infrastructure,Center for Election Science,Tallinn ledger; Coefficient/OpenPhil index; SFF-2023-H2
VG006,FY2023,2022-07-01..2023-06-30,4538,COMPASSION IN WORLD FARMING,461822635,NEW YORK,NY,5500,FOR RECIPIENT'S EXEMPT PURPOSE,C-EA animal,Compassion in World Farming,Coefficient/OpenPhil index
VG007,FY2023,2022-07-01..2023-06-30,5775,EFFECTIVE ALTRUISM FOUNDATION INC,821136248,BERKELEY,CA,7000,FOR RECIPIENT'S EXEMPT PURPOSE,A-EA infrastructure,Effective Altruism Foundation,Tallinn ledger; Coefficient/OpenPhil index
VG008,FY2023,2022-07-01..2023-06-30,5776,EFFECTIVE VENTURES FOUNDATION USA,471988398,SAN FRANCISCO,CA,2203812,FOR RECIPIENT'S EXEMPT PURPOSE,A-EA infrastructure,Effective Ventures Foundation USA,Tallinn ledger; Coefficient/OpenPhil index; SFF-2023-H2; SFF-2024; SFF-2025
VG009,FY2023,2022-07-01..2023-06-30,6123,EVIDENCE ACTION INC,900874591,WASHINGTON,DC,2956462,FOR RECIPIENT'S EXEMPT PURPOSE,B-EA global health,Evidence Action,Coefficient/OpenPhil index
VG010,FY2023,2022-07-01..2023-06-30,6286,FAR AI INC,920692207,SAN DIEGO,CA,200000,FOR RECIPIENT'S EXEMPT PURPOSE,A-AI safety,FAR AI,Tallinn ledger; Coefficient/OpenPhil index; SFF-2023-H2; SFF-2024; SFF-2025
VG011,FY2023,2022-07-01..2023-06-30,6321,FAUNALYTICS,010686889,SAN DIEGO,CA,57250,FOR RECIPIENT'S EXEMPT PURPOSE,C-EA animal,Faunalytics,Coefficient/OpenPhil index
VG012,FY2023,2022-07-01..2023-06-30,6724,FISH WELFARE INITIATIVE,852065536,NORMAL,IL,52500,FOR RECIPIENT'S EXEMPT PURPOSE,C-EA animal,Fish Welfare Initiative,Coefficient/OpenPhil index
VG013,FY2023,2022-07-01..2023-06-30,6981,FOUNDERS PLEDGE INC,371795297,NEW YORK,NY,161000,FOR RECIPIENT'S EXEMPT PURPOSE,A-EA infrastructure,Founders Pledge Inc,Tallinn ledger; Coefficient/OpenPhil index; SFF-2023-H2; SFF-2024; SFF-2025
VG014,FY2023,2022-07-01..2023-06-30,7588,GIVEDIRECTLY INC,271661997,NEW YORK,NY,8942961,FOR RECIPIENT'S EXEMPT PURPOSE,B-EA global health,GiveDirectly,Coefficient/OpenPhil index
VG015,FY2023,2022-07-01..2023-06-30,7702,GOOD FOOD INSTITUTE INC,810840578,ARLINGTON,VA,5045538,FOR RECIPIENT'S EXEMPT PURPOSE,C-EA animal,Good Food Institute,Coefficient/OpenPhil index
VG016,FY2023,2022-07-01..2023-06-30,8449,HELEN KELLER INTERNATIONAL,135562162,NEW YORK,NY,348383,FOR RECIPIENT'S EXEMPT PURPOSE,B-EA global health,Helen Keller International,Coefficient/OpenPhil index
VG017,FY2023,2022-07-01..2023-06-30,11158,MALARIA CONSORTIUM,980627052,HERMITAGE,PA,997405,FOR RECIPIENT'S EXEMPT PURPOSE,B-EA global health,Malaria Consortium,Coefficient/OpenPhil index
VG018,FY2023,2022-07-01..2023-06-30,11561,MERCY FOR ANIMALS,542076145,LOS ANGELES,CA,2279562,FOR RECIPIENT'S EXEMPT PURPOSE,C-EA animal,Mercy for Animals,Coefficient/OpenPhil index
VG019,FY2023,2022-07-01..2023-06-30,12657,NEW INCENTIVES,452368993,COVINA,CA,233372,FOR RECIPIENT'S EXEMPT PURPOSE,B-EA global health,New Incentives,Coefficient/OpenPhil index
VG020,FY2023,2022-07-01..2023-06-30,13091,NUCLEAR THREAT INITIATIVE INC,522289435,WASHINGTON,DC,14000,FOR RECIPIENT'S EXEMPT PURPOSE,A-borderline,Nuclear Threat Initiative,Coefficient/OpenPhil index
VG021,FY2023,2022-07-01..2023-06-30,13256,ONE ACRE FUND,203668110,HIGHLAND PARK,IL,154760,FOR RECIPIENT'S EXEMPT PURPOSE,B-EA global health,One Acre Fund,
VG022,FY2023,2022-07-01..2023-06-30,13454,OUGHT INC,812121304,WALNUT,CA,1000000,FOR RECIPIENT'S EXEMPT PURPOSE,A-AI safety,Ought (Elicit),Tallinn ledger; Coefficient/OpenPhil index
VG023,FY2023,2022-07-01..2023-06-30,15065,RETHINK PRIORITIES,843896318,SAN FRANCISCO,CA,177000,FOR RECIPIENT'S EXEMPT PURPOSE,A-EA infrastructure,Rethink Priorities,Tallinn ledger; Coefficient/OpenPhil index; SFF-2023-H2; SFF-2024; SFF-2025
VG024,FY2023,2022-07-01..2023-06-30,18155,THE AGAINST MALARIA FOUNDATION,203069841,KANSAS CITY,MO,1130329,FOR RECIPIENT'S EXEMPT PURPOSE,B-EA global health,Against Malaria Foundation,Coefficient/OpenPhil index
VG025,FY2023,2022-07-01..2023-06-30,18314,THE CLEAR FUND,208625442,OAKLAND,CA,58944786,FOR RECIPIENT'S EXEMPT PURPOSE,B-EA global health,GiveWell (The Clear Fund),Coefficient/OpenPhil index
VG026,FY2023,2022-07-01..2023-06-30,18514,THE HUMANE LEAGUE,043817491,ROCKVILLE,MD,1087386,FOR RECIPIENT'S EXEMPT PURPOSE,C-EA animal,The Humane League,Coefficient/OpenPhil index
VG027,FY2023,2022-07-01..2023-06-30,20659,WILD ANIMAL INITIATIVE INC,822281466,MINNEAPOLIS,MN,69250,FOR RECIPIENT'S EXEMPT PURPOSE,C-EA animal,Wild Animal Initiative,Coefficient/OpenPhil index
VG028,FY2024,2023-07-01..2024-06-30,10,1DAY SOONER INC,851103820,CLAYMONT,DE,125000,FOR RECIPIENT'S EXEMPT PURPOSE,A-EA infrastructure,1Day Sooner,Tallinn ledger; Coefficient/OpenPhil index
VG029,FY2024,2023-07-01..2024-06-30,319,AGAINST MALARIA FOUNDATION (US),203069841,KANSAS CITY,MO,588578,FOR RECIPIENT'S EXEMPT PURPOSE,B-EA global health,Against Malaria Foundation,Coefficient/OpenPhil index
VG030,FY2024,2023-07-01..2024-06-30,458,ALIGNMENT RESEARCH CENTER,863605182,COVINA,CA,1000000,FOR RECIPIENT'S EXEMPT PURPOSE,A-AI safety,Alignment Research Center,Tallinn ledger; Coefficient/OpenPhil index; SFF-2024
VG031,FY2024,2023-07-01..2024-06-30,1028,ANIMAL CHARITY EVALUATORS,364684978,COVINA,CA,121000,FOR RECIPIENT'S EXEMPT PURPOSE,C-EA animal,Animal Charity Evaluators,Coefficient/OpenPhil index
VG032,FY2024,2023-07-01..2024-06-30,1900,BERKELEY EXISTENTIAL RISK INITIATIVE,814820272,COVINA,CA,762650,FOR RECIPIENT'S EXEMPT PURPOSE,A-AI safety,Berkeley Existential Risk Initiative,Tallinn ledger; Coefficient/OpenPhil index; SFF-2023-H2; SFF-2024; SFF-2025
VG033,FY2024,2023-07-01..2024-06-30,3424,CENTER FOR A NEW AMERICAN SECURITY INC,208084828,WASHINGTON,DC,182500,FOR RECIPIENT'S EXEMPT PURPOSE,A-borderline,CNAS,Coefficient/OpenPhil index
VG034,FY2024,2023-07-01..2024-06-30,3426,CENTER FOR AI SAFETY INC,881751310,SAN FRANCISCO,CA,216000,FOR RECIPIENT'S EXEMPT PURPOSE,A-AI safety,Center for AI Safety,Tallinn ledger; Coefficient/OpenPhil index; SFF-2023-H2; SFF-2024; SFF-2025
VG035,FY2024,2023-07-01..2024-06-30,3430,CENTER FOR APPLIED RATIONALITY,453100226,BERKELEY,CA,240250,FOR RECIPIENT'S EXEMPT PURPOSE,A-AI safety,Center for Applied Rationality,Tallinn ledger; Coefficient/OpenPhil index; SFF-2023-H2
VG036,FY2024,2023-07-01..2024-06-30,5082,COMPASSION IN WORLD FARMING INC,461822635,NEW YORK CITY,NY,18500,FOR RECIPIENT'S EXEMPT PURPOSE,C-EA animal,Compassion in World Farming,Coefficient/OpenPhil index
VG037,FY2024,2023-07-01..2024-06-30,5366,CONVERGENT RESEARCH INC,883013217,CAMBRIDGE,MA,100000,FOR RECIPIENT'S EXEMPT PURPOSE,A-AI safety,Convergent Research (FROs),Tallinn ledger; Coefficient/OpenPhil index
VG038,FY2024,2023-07-01..2024-06-30,6477,EFFECTIVE VENTURES FOUNDATION USA INC,471988398,SAN FRANCISCO,CA,270103,FOR RECIPIENT'S EXEMPT PURPOSE,A-EA infrastructure,Effective Ventures Foundation USA,Tallinn ledger; Coefficient/OpenPhil index; SFF-2023-H2; SFF-2024; SFF-2025
VG039,FY2024,2023-07-01..2024-06-30,6865,EVIDENCE ACTION,900874591,WASHINGTON,DC,3137888,FOR RECIPIENT'S EXEMPT PURPOSE,B-EA global health,Evidence Action,Coefficient/OpenPhil index
VG040,FY2024,2023-07-01..2024-06-30,7035,FAR AI INC,920692207,SAN DIEGO,CA,222985,FOR RECIPIENT'S EXEMPT PURPOSE,A-AI safety,FAR AI,Tallinn ledger; Coefficient/OpenPhil index; SFF-2023-H2; SFF-2024; SFF-2025
VG041,FY2024,2023-07-01..2024-06-30,7072,FAUNALYTICS,010686889,SAN DIEGO,CA,18850,FOR RECIPIENT'S EXEMPT PURPOSE,C-EA animal,Faunalytics,Coefficient/OpenPhil index
VG042,FY2024,2023-07-01..2024-06-30,7789,FOUNDERS PLEDGE INC,371795297,NEW YORK CITY,NY,53161,FOR RECIPIENT'S EXEMPT PURPOSE,A-EA infrastructure,Founders Pledge Inc,Tallinn ledger; Coefficient/OpenPhil index; SFF-2023-H2; SFF-2024; SFF-2025
VG043,FY2024,2023-07-01..2024-06-30,8467,GIVEDIRECTLY INC,271661997,NEW YORK CITY,NY,7214620,FOR RECIPIENT'S EXEMPT PURPOSE,B-EA global health,GiveDirectly,Coefficient/OpenPhil index
VG044,FY2024,2023-07-01..2024-06-30,8469,GIVEWELL,208625442,OAKLAND,CA,72338861,FOR RECIPIENT'S EXEMPT PURPOSE,B-EA global health,GiveWell (The Clear Fund),Coefficient/OpenPhil index
VG045,FY2024,2023-07-01..2024-06-30,8474,GIVING WHAT WE CAN USA INC,933629215,MIDDLETOWN,DE,150500,FOR RECIPIENT'S EXEMPT PURPOSE,A-EA infrastructure,Giving What We Can USA,Coefficient/OpenPhil index
VG046,FY2024,2023-07-01..2024-06-30,9465,HELEN KELLER INTERNATIONAL,135562162,NEW YORK CITY,NY,307138,FOR RECIPIENT'S EXEMPT PURPOSE,B-EA global health,Helen Keller International,Coefficient/OpenPhil index
VG047,FY2024,2023-07-01..2024-06-30,10008,HORIZON INSTITUTE FOR PUBLIC SERVICE,874657441,WASHINGTON,DC,3398603,FOR RECIPIENT'S EXEMPT PURPOSE,A-AI safety,Horizon Institute for Public Service,
VG048,FY2024,2023-07-01..2024-06-30,11925,LEGAL PRIORITIES INC,851024198,BOSTON,MA,245000,FOR RECIPIENT'S EXEMPT PURPOSE,A-AI safety,Legal Priorities / Institute for Law & AI,Tallinn ledger; Coefficient/OpenPhil index; SFF-2023-H2; SFF-2024
VG049,FY2024,2023-07-01..2024-06-30,12248,LONGVIEW PHILANTHROPY USA INC,932664730,CLAYMONT,DE,100000,FOR RECIPIENT'S EXEMPT PURPOSE,A-EA infrastructure,Longview Philanthropy USA,Tallinn ledger; Coefficient/OpenPhil index; SFF-2024
VG050,FY2024,2023-07-01..2024-06-30,12576,MALARIA CONSORTIUM US,980627052,HERMITAGE,PA,322543,FOR RECIPIENT'S EXEMPT PURPOSE,B-EA global health,Malaria Consortium,Coefficient/OpenPhil index
VG051,FY2024,2023-07-01..2024-06-30,13021,MERCY FOR ANIMALS,542076145,LOS ANGELES,CA,1427585,FOR RECIPIENT'S EXEMPT PURPOSE,C-EA animal,Mercy for Animals,Coefficient/OpenPhil index
VG052,FY2024,2023-07-01..2024-06-30,14242,NEW INCENTIVES,452368993,COVINA,CA,191421,FOR RECIPIENT'S EXEMPT PURPOSE,B-EA global health,New Incentives,Coefficient/OpenPhil index
VG053,FY2024,2023-07-01..2024-06-30,14461,NONLINEAR INC,884043628,LA PORTE,IN,30000,FOR RECIPIENT'S EXEMPT PURPOSE,A-AI safety,Nonlinear,Coefficient/OpenPhil index
VG054,FY2024,2023-07-01..2024-06-30,14712,NUCLEAR THREAT INITIATIVE INC,522289435,WASHINGTON,DC,44500,FOR RECIPIENT'S EXEMPT PURPOSE,A-borderline,Nuclear Threat Initiative,Coefficient/OpenPhil index
VG055,FY2024,2023-07-01..2024-06-30,14911,ONE ACRE FUND,203668110,HIGHLAND PARK,IL,251260,FOR RECIPIENT'S EXEMPT PURPOSE,B-EA global health,One Acre Fund,
VG056,FY2024,2023-07-01..2024-06-30,15338,PALISADE RESEARCH INC,931591014,DOVER,DE,150000,FOR RECIPIENT'S EXEMPT PURPOSE,A-AI safety,Palisade Research,Tallinn ledger; Coefficient/OpenPhil index; SFF-2023-H2; SFF-2024; SFF-2025
VG057,FY2024,2023-07-01..2024-06-30,16865,RETHINK PRIORITIES,843896318,SAN FRANCISCO,CA,903002,FOR RECIPIENT'S EXEMPT PURPOSE,A-EA infrastructure,Rethink Priorities,Tallinn ledger; Coefficient/OpenPhil index; SFF-2023-H2; SFF-2024; SFF-2025
VG058,FY2024,2023-07-01..2024-06-30,17962,SECUREBIO INC,883068255,CAMBRIDGE,MA,190000,FOR RECIPIENT'S EXEMPT PURPOSE,A-AI safety,SecureBio,Tallinn ledger; Coefficient/OpenPhil index; SFF-2023-H2; SFF-2024; SFF-2025
VG059,FY2024,2023-07-01..2024-06-30,20922,THE GOOD FOOD INSTITUTE,810840578,ARLINGTON,VA,4749779,FOR RECIPIENT'S EXEMPT PURPOSE,C-EA animal,Good Food Institute,Coefficient/OpenPhil index
VG060,FY2024,2023-07-01..2024-06-30,21010,THE HUMANE LEAGUE,043817491,HOUSTON,TX,977806,FOR RECIPIENT'S EXEMPT PURPOSE,C-EA animal,The Humane League,Coefficient/OpenPhil index
VG061,FY2024,2023-07-01..2024-06-30,23619,WILD ANIMAL INITIATIVE INC,822281466,MINNEAPOLIS,MN,43750,FOR RECIPIENT'S EXEMPT PURPOSE,C-EA animal,Wild Animal Initiative,Coefficient/OpenPhil index
VG062,FY2025,2024-07-01..2025-06-30,17,1DAY SOONER INC,85-1103820,CLAYMONT,DE,46011,FOR RECIPIENT'S EXEMPT PURPOSE,A-EA infrastructure,1Day Sooner,Tallinn ledger; Coefficient/OpenPhil index
VG063,FY2025,2024-07-01..2025-06-30,426,AI FUTURES PROJECT INC,99-4320292,BERKELEY,CA,164050,FOR RECIPIENT'S EXEMPT PURPOSE,A-AI safety,AI Futures Project,SFF-2024; SFF-2025
VG064,FY2025,2024-07-01..2025-06-30,547,ALIGNMENT RESEARCH CENTER,86-3605182,COVINA,CA,1500000,FOR RECIPIENT'S EXEMPT PURPOSE,A-AI safety,Alignment Research Center,Tallinn ledger; Coefficient/OpenPhil index; SFF-2024
VG065,FY2025,2024-07-01..2025-06-30,1169,ANIMAL CHARITY EVALUATORS,36-4684978,COVINA,CA,844663,FOR RECIPIENT'S EXEMPT PURPOSE,C-EA animal,Animal Charity Evaluators,Coefficient/OpenPhil index
VG066,FY2025,2024-07-01..2025-06-30,1454,ARTHROPODA FOUNDATION,99-4569321,PHILADELPHIA,PA,60000,FOR RECIPIENT'S EXEMPT PURPOSE,C-EA animal,Arthropoda Foundation,
VG067,FY2025,2024-07-01..2025-06-30,2157,BERKELEY EXISTENTIAL RISK INITIATIVE,81-4820272,SAN DIEGO,CA,463490,FOR RECIPIENT'S EXEMPT PURPOSE,A-AI safety,Berkeley Existential Risk Initiative,Tallinn ledger; Coefficient/OpenPhil index; SFF-2023-H2; SFF-2024; SFF-2025
VG068,FY2025,2024-07-01..2025-06-30,3384,CAMBRIDGE BOSTON ALIGNMENT INITIATIVE INC,92-1463153,CAMBRIDGE,MA,100000,FOR RECIPIENT'S EXEMPT PURPOSE,A-AI safety,Cambridge Boston Alignment Initiative,Coefficient/OpenPhil index
VG069,FY2025,2024-07-01..2025-06-30,3987,CENTER FOR ARTIFICIAL INTELLIGENCE SAFETY INC,88-1751310,SAN FRANCISCO,CA,1082500,FOR RECIPIENT'S EXEMPT PURPOSE,A-AI safety,Center for AI Safety,Tallinn ledger; Coefficient/OpenPhil index; SFF-2023-H2; SFF-2024; SFF-2025
VG070,FY2025,2024-07-01..2025-06-30,4020,CENTER FOR ELECTION SCIENCE,45-2334002,COVINA,CA,252000,FOR RECIPIENT'S EXEMPT PURPOSE,A-EA infrastructure,Center for Election Science,Tallinn ledger; Coefficient/OpenPhil index; SFF-2023-H2
VG071,FY2025,2024-07-01..2025-06-30,4212,CENTRE FOR THE GOVERNANCE OF AI INC,99-4000294,NEW YORK,NY,2000000,FOR RECIPIENT'S EXEMPT PURPOSE,A-AI safety,GovAI (Centre for the Governance of AI Inc),Tallinn ledger; Coefficient/OpenPhil index; SFF-2023-H2; SFF-2025
VG072,FY2025,2024-07-01..2025-06-30,5269,CIVIC AI SECURITY PROGRAM INC,93-4182617,BERKELEY,CA,600000,FOR RECIPIENT'S EXEMPT PURPOSE,A-AI safety,CivAI (Civic AI Security Program),SFF-2025
VG073,FY2025,2024-07-01..2025-06-30,5297,CLARITY AI RESEARCH INC,99-3262331,SAN FRANCISCO,CA,6585000,FOR RECIPIENT'S EXEMPT PURPOSE,A-AI safety,Transluce (Clarity AI Research Inc),Tallinn ledger
VG074,FY2025,2024-07-01..2025-06-30,5896,COMPASSION IN WORLD FARMING,46-1822635,NEW YORK,NY,26000,FOR RECIPIENT'S EXEMPT PURPOSE,C-EA animal,Compassion in World Farming,Coefficient/OpenPhil index
VG075,FY2025,2024-07-01..2025-06-30,6197,CONVERGENT RESEARCH INC,88-3013217,CAMBRIDGE,MA,25100000,FOR RECIPIENT'S EXEMPT PURPOSE,A-AI safety,Convergent Research (FROs),Tallinn ledger; Coefficient/OpenPhil index
VG076,FY2025,2024-07-01..2025-06-30,7479,EFFECTIVE VENTURES FOUNDATION USA,47-1988398,SAN FRANCISCO,CA,143000,FOR RECIPIENT'S EXEMPT PURPOSE,A-EA infrastructure,Effective Ventures Foundation USA,Tallinn ledger; Coefficient/OpenPhil index; SFF-2023-H2; SFF-2024; SFF-2025
VG077,FY2025,2024-07-01..2025-06-30,7760,EPOCH ARTIFICIAL INTELLIGENCE INC,99-4050541,SAN FRANCISCO,CA,400000,FOR RECIPIENT'S EXEMPT PURPOSE,A-AI safety,Epoch AI,Tallinn ledger; Coefficient/OpenPhil index
VG078,FY2025,2024-07-01..2025-06-30,7909,EVIDENCE ACTION INC,90-0874591,WASHINGTON,DC,2246000,FOR RECIPIENT'S EXEMPT PURPOSE,B-EA global health,Evidence Action,Coefficient/OpenPhil index
VG079,FY2025,2024-07-01..2025-06-30,8159,FAUNALYTICS,01-0686889,OLYMPIA,WA,42750,FOR RECIPIENT'S EXEMPT PURPOSE,C-EA animal,Faunalytics,Coefficient/OpenPhil index
VG080,FY2025,2024-07-01..2025-06-30,8965,FOUNDERS PLEDGE INC,37-1795297,NEW YORK,NY,1210500,FOR RECIPIENT'S EXEMPT PURPOSE,A-EA infrastructure,Founders Pledge Inc,Tallinn ledger; Coefficient/OpenPhil index; SFF-2023-H2; SFF-2024; SFF-2025
VG081,FY2025,2024-07-01..2025-06-30,9779,GIVEDIRECTLY INC,27-1661997,NEW YORK,NY,17087572,FOR RECIPIENT'S EXEMPT PURPOSE,B-EA global health,GiveDirectly,Coefficient/OpenPhil index
VG082,FY2025,2024-07-01..2025-06-30,9789,GIVING WHAT WE CAN USA INC,93-3629215,WILMINGTON,DE,5248902,FOR RECIPIENT'S EXEMPT PURPOSE,A-EA infrastructure,Giving What We Can USA,Coefficient/OpenPhil index
VG083,FY2025,2024-07-01..2025-06-30,9929,GOOD FOOD INSTITUTE INC,81-0840578,ARLINGTON,VA,4469298,FOR RECIPIENT'S EXEMPT PURPOSE,C-EA animal,Good Food Institute,Coefficient/OpenPhil index
VG084,FY2025,2024-07-01..2025-06-30,10970,HELEN KELLER INTERNATIONAL,13-5562162,NEW YORK,NY,794786,FOR RECIPIENT'S EXEMPT PURPOSE,B-EA global health,Helen Keller International,Coefficient/OpenPhil index
VG085,FY2025,2024-07-01..2025-06-30,11582,HORIZON INSTITUTE FOR PUBLIC SERVICE,87-4657441,WASHINGTON,DC,4219061,FOR RECIPIENT'S EXEMPT PURPOSE,A-AI safety,Horizon Institute for Public Service,
VG086,FY2025,2024-07-01..2025-06-30,12115,INSECT WELFARE RESEARCH SOCIETY,93-3393218,INDIANAPOLIS,IN,35000,FOR RECIPIENT'S EXEMPT PURPOSE,C-EA animal,Insect Welfare Research Society,
VG087,FY2025,2024-07-01..2025-06-30,12159,INSTITUTE FOR PROGRESS,87-2449729,WASHINGTON,DC,28200,FOR RECIPIENT'S EXEMPT PURPOSE,A-borderline,Institute for Progress,Coefficient/OpenPhil index
VG088,FY2025,2024-07-01..2025-06-30,13698,LEGAL PRIORITIES INC,85-1024198,BOSTON,MA,2700000,FOR RECIPIENT'S EXEMPT PURPOSE,A-AI safety,Legal Priorities / Institute for Law & AI,Tallinn ledger; Coefficient/OpenPhil index; SFF-2023-H2; SFF-2024
VG089,FY2025,2024-07-01..2025-06-30,13898,LIGHTCONE INFRASTRUCTURE INC,92-0861538,BERKELEY,CA,168960,FOR RECIPIENT'S EXEMPT PURPOSE,A-AI safety,Lightcone Infrastructure,Tallinn ledger; Coefficient/OpenPhil index; SFF-2023-H2; SFF-2024; SFF-2025
VG090,FY2025,2024-07-01..2025-06-30,14116,LONGVIEW PHILANTHROPY USA INC,93-2664730,CLAYMONT,DE,2500000,FOR RECIPIENT'S EXEMPT PURPOSE,A-EA infrastructure,Longview Philanthropy USA,Tallinn ledger; Coefficient/OpenPhil index; SFF-2024
VG091,FY2025,2024-07-01..2025-06-30,14484,MALARIA CONSORTIUM US INC,98-0627052,HERMITAGE,PA,1422424,FOR RECIPIENT'S EXEMPT PURPOSE,B-EA global health,Malaria Consortium,Coefficient/OpenPhil index
VG092,FY2025,2024-07-01..2025-06-30,14784,MATS RESEARCH INC,99-0648563,BERKELEY,CA,44000,FOR RECIPIENT'S EXEMPT PURPOSE,A-AI safety,MATS Research,Tallinn ledger; Coefficient/OpenPhil index; SFF-2023-H2; SFF-2024; SFF-2025
VG093,FY2025,2024-07-01..2025-06-30,15000,MERCY FOR ANIMALS,54-2076145,LOS ANGELES,CA,585375,FOR RECIPIENT'S EXEMPT PURPOSE,C-EA animal,Mercy for Animals,Coefficient/OpenPhil index
VG094,FY2025,2024-07-01..2025-06-30,15424,MODEL EVALUATION AND THREAT RESEARCH,99-1219864,COVINA,CA,4000000,FOR RECIPIENT'S EXEMPT PURPOSE,A-AI safety,METR,Tallinn ledger; SFF-2024; SFF-2025
VG095,FY2025,2024-07-01..2025-06-30,16195,NAVIGATION CHARITABLE FUND,92-1117448,BERKELEY,CA,1075000,FOR RECIPIENT'S EXEMPT PURPOSE,A-EA infrastructure,"Navigation Charitable Fund (Jed McCaleb; EIN 92-1117448, net assets $1.29B)",Coefficient/OpenPhil index
VG096,FY2025,2024-07-01..2025-06-30,16405,NEW INCENTIVES,45-2368993,COVINA,CA,568100,FOR RECIPIENT'S EXEMPT PURPOSE,B-EA global health,New Incentives,Coefficient/OpenPhil index
VG097,FY2025,2024-07-01..2025-06-30,16975,NUCLEAR THREAT INITIATIVE INC,52-2289435,WASHINGTON,DC,43000,FOR RECIPIENT'S EXEMPT PURPOSE,A-borderline,Nuclear Threat Initiative,Coefficient/OpenPhil index
VG098,FY2025,2024-07-01..2025-06-30,17183,ONE ACRE FUND,20-3668110,HIGHLAND PARK,IL,275160,FOR RECIPIENT'S EXEMPT PURPOSE,B-EA global health,One Acre Fund,
VG099,FY2025,2024-07-01..2025-06-30,17279,OPEN PHILANTHROPY ADVISORS INC,99-2255770,PALO ALTO,CA,1000000,FOR RECIPIENT'S EXEMPT PURPOSE,A-EA infrastructure,Open Philanthropy Advisors Inc,Coefficient/OpenPhil index
VG100,FY2025,2024-07-01..2025-06-30,19457,RETHINK PRIORITIES,84-3896318,SAN FRANCISCO,CA,1595226,FOR RECIPIENT'S EXEMPT PURPOSE,A-EA infrastructure,Rethink Priorities,Tallinn ledger; Coefficient/OpenPhil index; SFF-2023-H2; SFF-2024; SFF-2025
VG101,FY2025,2024-07-01..2025-06-30,20767,SENTINEL BIO INC,99-3068480,WASHINGTON,DC,3350000,FOR RECIPIENT'S EXEMPT PURPOSE,A-AI safety,Sentinel Bio (biosecurity fund),
VG102,FY2025,2024-07-01..2025-06-30,20768,SENTINEL RESEARCH,33-1519495,AUSTIN,TX,80000,FOR RECIPIENT'S EXEMPT PURPOSE,A-AI safety,Sentinel (Research; forecasting/emergency response),Tallinn ledger; SFF-2024; SFF-2025
VG103,FY2025,2024-07-01..2025-06-30,23372,THE AGAINST MALARIA FOUNDATION,20-3069841,KANSAS CITY,MO,5356767,FOR RECIPIENT'S EXEMPT PURPOSE,B-EA global health,Against Malaria Foundation,Coefficient/OpenPhil index
VG104,FY2025,2024-07-01..2025-06-30,23568,THE CLEAR FUND,20-8625442,OAKLAND,CA,101439692,FOR RECIPIENT'S EXEMPT PURPOSE,B-EA global health,GiveWell (The Clear Fund),Coefficient/OpenPhil index
VG105,FY2025,2024-07-01..2025-06-30,23817,THE HUMANE LEAGUE,04-3817491,ROCKVILLE,MD,611100,FOR RECIPIENT'S EXEMPT PURPOSE,C-EA animal,The Humane League,Coefficient/OpenPhil index
VG106,FY2025,2024-07-01..2025-06-30,26452,WILD ANIMAL INITIATIVE INC,82-2281466,MINNEAPOLIS,MN,1089750,FOR RECIPIENT'S EXEMPT PURPOSE,C-EA animal,Wild Animal Initiative,Coefficient/OpenPhil index
