row_id,outlet,inventory_type,n_in_captured_window,n_articles,n_ai,n_tarbell_ai,window_min,window_max,brief_window,complete_trailing_year,completeness,method,source_ids,note,tag_census,n_ai_publisher_tag,n_ai_keyword_fallback
W001,Los Angeles Times,tag,94,,94,14,2026-06-05,2026-08-31,2025-09-12 to 2026-09-12 exclusive,no,partial,publisher AI tag/section feed,LA001;LA003;LA004;LA005;LA006;LA007;LA008;LA009…,"Publisher AI section/tag feed membership as extracted in article-inventory.csv. Truncation is a feed limit, not a zero.",partial,,
W003,The Guardian,tag,493,,493,20,2025-09-18,2026-09-11,2025-09-12 to 2026-09-12 exclusive,no,partial,publisher AI tag/section feed,GD001;GD002;GD003;GD004;GD005;GD006;GD007;GD008…,"Publisher AI section/tag feed membership as extracted in article-inventory.csv. Truncation is a feed limit, not a zero.",partial,,
W004,The Verge,tag,282,,282,37,2026-06-25,2026-09-11,2025-09-12 to 2026-09-12 exclusive,no,partial,publisher AI tag/section feed,VG001;VG002;VG003;VG004;VG005;VG006;VG007;VG008…,"Publisher AI section/tag feed membership as extracted in article-inventory.csv. Truncation is a feed limit, not a zero.",partial,,
W005,TIME,sitemap_or_index,242,4048,242,45,2025-09-12,2026-09-11,2025-09-12 to 2026-09-11 inclusive,no,partial,TIME daily sitemap.xml?yyyy=&mm=&dd=; AI via tag/ai URLs where captured plus keyword_fallback on slug,SM-TIME-2025-09-12;SM-TIME-2025-09-13;SM-TIME-2025-09-14;SM-TIME-2025-09-15;SM-TIME-2025-09-16;SM-TIME-2025-09-17;SM-TIME-2025-09-18;SM-TIME-2025-09-19;…,"daily sitemaps HTTP 406 on 62 days: ['2025-09-28', '2025-09-30', '2025-10-09', '2025-10-14', '2025-10-28', '2025-10-30', '2025-11-12', '2025-11-15', '2025-11-16', '2025-11-20', '2025-11-24', '2025-11-28']… fellows={'R011': 22, 'R013': 0, 'R018': 11, 'R025': 0, 'R028': 12, 'R029': 0}",partial,,
W006,MIT Technology Review,sitemap,443,1020,443,26,2025-09-12,2026-09-11,2025-09-12 to 2026-09-11 inclusive,yes,complete,"technologyreview.com sitemap-1..72; AI tag = topic_feed topic=9 (MT001–MT019, from 2025-12-30) plus keyword_fallback",SM-MIT-sitemap-1;SM-MIT-sitemap-2;SM-MIT-sitemap-3;SM-MIT-sitemap-4;SM-MIT-sitemap-5;SM-MIT-sitemap-6;SM-MIT-sitemap-7;SM-MIT-sitemap-8;SM-MIT-sitemap-9;SM-MIT-sitemap-10;SM-MIT-sitemap-11;SM-MIT-sitemap-12;SM-MIT-sitemap-13;SM-MIT-sitemap-14;SM-MIT-sitemap-15;SM-MIT-sitemap-16;SM-MIT-sitemap-17;SM-MIT-sitemap-18;SM-MIT-sitemap-19;SM-MIT-sitemap-20;SM-MIT-sitemap-21;SM-MIT-sitemap-22;SM-MIT-sitemap-23;SM-MIT-sitemap-24;SM-MIT-sitemap-25;SM-MIT-sitemap-26;SM-MIT-sitemap-27;SM-MIT-sitemap-28;SM-MIT-sitemap-29;SM-MIT-sitemap-30;SM-MIT-sitemap-31;SM-MIT-sitemap-32;SM-MIT-sitemap-33;SM-MIT-sitemap-34;SM-MIT-sitemap-35;SM-MIT-sitemap-36;SM-MIT-sitemap-37;SM-MIT-sitemap-38;SM-MIT-sitemap-39;SM-MIT-sitemap-40;SM-MIT-sitemap-41;SM-MIT-sitemap-42;SM-MIT-sitemap-43;SM-MIT-sitemap-44;SM-MIT-sitemap-45;SM-MIT-sitemap-46;SM-MIT-sitemap-47;SM-MIT-sitemap-48;SM-MIT-sitemap-49;SM-MIT-sitemap-50;SM-MIT-sitemap-51;SM-MIT-sitemap-52;SM-MIT-sitemap-53;SM-MIT-sitemap-54;SM-MIT-sitemap-55;SM-MIT-sitemap-56;SM-MIT-sitemap-57;SM-MIT-sitemap-58;SM-MIT-sitemap-59;SM-MIT-sitemap-60;SM-MIT-sitemap-61;SM-MIT-sitemap-62;SM-MIT-sitemap-63;SM-MIT-sitemap-64;SM-MIT-sitemap-65;SM-MIT-sitemap-66;SM-MIT-sitemap-67;SM-MIT-sitemap-68;SM-MIT-sitemap-69;SM-MIT-sitemap-70;SM-MIT-sitemap-71;SM-MIT-sitemap-72,"AI topic_feed empty before 2025-12-30; earlier AI rows use keyword_fallback fellows={'R008': 26, 'R015': 0, 'R027': 0}",partial,,
W007,Bloomberg,sitemap,5572,77425,5572,16,2025-09-12,2026-09-11,2025-09-12 to 2026-09-11 inclusive,yes,complete,dates: jsonld/listing/url_path/wayback_first_capture; AI publisher_tag=261 keyword_fallback=5311 tag_urls=326; news sitemaps have news:title but 0 news:keywords; Wayback article verify 800 pages,SM-BB-2025-9;SM-BB-2025-10;SM-BB-2025-11;SM-BB-2025-12;SM-BB-2026-1;SM-BB-2026-2;SM-BB-2026-3;SM-BB-2026-4;SM-BB-2026-5;SM-BB-2026-6;SM-BB-2026-7;SM-BB-2026-8;SM-BB-2026-9,pass3 tag_census=complete publisher_tag=261 keyword_fallback=5311 fellows={'R005': 16} median_proxy_gap=4,complete,261,5311
W008,NBC News,sitemap,497,16106,497,11,2025-09-12,2026-09-11,2025-09-12 to 2026-09-11 inclusive,yes,complete,dates: jsonld/listing/url_path/wayback_first_capture; AI publisher_tag=179 keyword_fallback=318 tag_urls=186,SM-NBC-art-2025-09;SM-NBC-art-2025-10;SM-NBC-art-2025-11;SM-NBC-art-2025-12;SM-NBC-art-2026-01;SM-NBC-art-2026-02;SM-NBC-art-2026-03;SM-NBC-art-2026-04;SM-NBC-art-2026-05;SM-NBC-art-2026-06;SM-NBC-art-2026-07;SM-NBC-art-2026-08;SM-NBC-art-2026-09,pass3 tag_census=partial publisher_tag=179 keyword_fallback=318 fellows={'R020': 11} median_proxy_gap=4,partial,179,318
W009,South China Morning Post,sitemap,2397,39424,2397,18,2025-09-12,2026-09-11,2025-09-12 to 2026-09-11 inclusive,yes,complete,dates: jsonld/listing/url_path/wayback_first_capture; AI publisher_tag=385 keyword_fallback=2012 tag_urls=457,SM-SCMP-arch-2025-09;SM-SCMP-arch-2025-10;SM-SCMP-arch-2025-11;SM-SCMP-arch-2025-12;SM-SCMP-arch-2026-01;SM-SCMP-arch-2026-02;SM-SCMP-arch-2026-03;SM-SCMP-arch-2026-04;SM-SCMP-arch-2026-05;SM-SCMP-arch-2026-06;SM-SCMP-arch-2026-07;SM-SCMP-arch-2026-08;SM-SCMP-articles,pass3 tag_census=complete publisher_tag=385 keyword_fallback=2012 fellows={'R001': 18} median_proxy_gap=4,complete,385,2012
W010,The Dispatch,sitemap,63,1091,63,21,2025-09-12,2026-09-11,2025-09-12 to 2026-09-11 inclusive,yes,complete,thedispatch.com post-sitemap5-7.xml (lastmod window); AI via tag page plus keyword_fallback,SM-DISP-post-6;SM-DISP-post-7;SM-DISP-post-5, fellows={'R006': 21},partial,,
W011,The New Yorker,sitemap,92,4156,92,0,2025-09-12,2026-09-11,2025-09-12 to 2026-09-11 inclusive,yes,complete,newyorker.com/sitemap-YYYY-MM.xml; AI via tag/section page plus keyword_fallback,SM-NY-2025-09;SM-NY-2025-10;SM-NY-2025-11;SM-NY-2025-12;SM-NY-2026-01;SM-NY-2026-02;SM-NY-2026-03;SM-NY-2026-04;SM-NY-2026-05;SM-NY-2026-06;SM-NY-2026-07;SM-NY-2026-08;SM-NY-2026-09, fellows={'R030': 0},partial,,
W012,TBIJ,sitemap_or_index,23,1436,23,5,2025-09-13,2026-09-11,2025-09-12 to 2026-09-11 inclusive,no,partial,Wayback CDX monthly thebureauinvestigates.com/stories/YYYY-MM-* plus live listing; stories sitemap HTTP 500,TBIJ-stories-rss;TBIJ-stories-p01;AUTH016b;AUTH016;CDX-TBIJ-2025-09;CDX-TBIJ-2025-10;CDX-TBIJ-2025-11;CDX-TBIJ-2025-12;CDX-TBIJ-2026-01;CDX-TBIJ-2026-02;CDX-TBIJ-2026-03;CDX-TBIJ-2026-04,stories sitemap p1–p4 HTTP 500; CDX is archived captures not a publisher sitemap fellows={'R016': 5},partial,,
W013,Platformer,sitemap,78,124,78,10,2025-09-12,2026-09-11,2025-09-12 to 2026-09-11 inclusive,yes,complete,platformer.news/sitemap-posts.xml; AI tag from prior tag-feed inventory plus keyword_fallback,SM-PF, fellows={'R010': 10},partial,,
W014,Coda,sitemap_or_index,33,1120,33,2,2025-11-07,2026-09-11,2025-09-12 to 2026-09-11 inclusive,no,partial,codastory.com post-sitemap.xml; AI via tag page plus keyword_fallback; dates from lastmod,SM-CODA-post;SM-CODA-post2;SM-CODA-news,lastmod window starts 2025-11-07; Sep 12–Nov 6 2025 not in lastmod range fellows={'R014': 2},partial,,
W015,China Talk,sitemap_or_index,128,794,128,0,2025-09-16,2026-09-11,2025-09-12 to 2026-09-11 inclusive,no,partial,chinatalk.media/sitemap.xml posts; AI via keyword_fallback on slug; lastmod as date,SM-CT,lastmod not pubdate; first in-window lastmod 2025-09-16; author page is substack.com/@nickcorvino with no chinatalk.media/p/ URLs fellows={'R003': 0},partial,,
W016,Lawfare,sitemap_or_index,85,85,85,22,2025-09-15,2026-08-20,2025-09-12 to 2026-09-11 inclusive,no,partial,"Common Crawl index + Wayback CDX captures of AI-keyword URLs (not a publisher sitemap); dates: cc_warc_text=48/wayback_first_capture=27/jina_text=10; AI publisher_tag=0 keyword_fallback=85; authors from CC WARC / Wayback page bodies (scripts/authors_from_cc.py, authors_from_wayback.py)",CC-LAW-CC-MAIN-2025-43-p01;CC-LAW-CC-MAIN-2026-25-p00;CC-LAW-CC-MAIN-2026-25-p01;CC-LAW-CC-MAIN-2026-30-p00;CC-LAW-CC-MAIN-2026-30-p01;CC-LAW-CC-MAIN-2026-34-p00;CC-LAW-CC-MAIN-2026-34-p01;CC-LAW-CC-MAIN-2026-08-p00;CC-LAW-CC-MAIN-2026-08-p01;CC-LAW-CC-MAIN-2026-13-p00;CC-LAW-CC-MAIN-2026-18-p00;CC-LAW-CC-MAIN-2026-21-p00,"pass3+dates: rows=423 dated=423 in_window=85; Wayback first-capture proxies replaced by page dates where found (median proxy gap 4 d, p90 1,178 d); fellows={'R021': 18, 'R009': 4}; captures are a sample of the outlet's AI output, so the denominator undercounts; share is fellow rows / captured AI rows",none,0,85
W017,The Information,sitemap_or_index,98,98,98,3,2025-09-13,2026-09-08,2025-09-12 to 2026-09-11 inclusive,no,partial,"Common Crawl index + Wayback CDX captures of AI-keyword URLs (not a publisher sitemap); dates: wayback_first_capture=71/jsonld=27; AI publisher_tag=0 keyword_fallback=51; authors from CC WARC / Wayback page bodies (scripts/authors_from_cc.py, authors_from_wayback.py)",CC-INFO-CC-MAIN-2025-47-p00;CC-INFO-CC-MAIN-2026-25-p00;CC-INFO-CC-MAIN-2026-30-p00;CC-INFO-CC-MAIN-2026-34-p00;CC-INFO-CC-MAIN-2025-51-p00;CC-INFO-CC-MAIN-2026-04-p00;CC-INFO-CC-MAIN-2026-08-p00;CC-INFO-CC-MAIN-2026-13-p00;CC-INFO-CC-MAIN-2026-18-p00;CC-INFO-CC-MAIN-2026-21-p00;CC-INFO-CC-MAIN-2025-38-p00;CC-INFO-CC-MAIN-2025-43-p00,"pass3+dates: rows=271 dated=271 in_window=98; Wayback first-capture proxies replaced by page dates where found (median proxy gap 4 d, p90 1,178 d); fellows={'R026': 3}; captures are a sample of the outlet's AI output, so the denominator undercounts; share is fellow rows / captured AI rows",none,0,51
W018,Science,sitemap_or_index,8,8,8,1,2025-09-18,2026-08-25,2025-09-12 to 2026-09-11 inclusive,no,partial,"Common Crawl index + Wayback CDX captures of AI-keyword URLs (not a publisher sitemap); dates: wayback_first_capture=8; AI publisher_tag=1 keyword_fallback=7; authors from CC WARC / Wayback page bodies (scripts/authors_from_cc.py, authors_from_wayback.py)",CC-SCI-CC-MAIN-2026-21-p00;CC-SCI-CC-MAIN-2026-25-p00;CC-SCI-CC-MAIN-2026-25-p01;CC-SCI-CC-MAIN-2026-30-p00;CC-SCI-CC-MAIN-2026-34-p00;CC-SCI-CC-MAIN-2026-34-p01;CC-SCI-CC-MAIN-2025-47-p01;CC-SCI-CC-MAIN-2025-51-p00;CC-SCI-CC-MAIN-2026-04-p00;CC-SCI-CC-MAIN-2026-04-p01;CC-SCI-CC-MAIN-2026-08-p00;CC-SCI-CC-MAIN-2026-13-p00,"pass3+dates: rows=87 dated=87 in_window=8; Wayback first-capture proxies replaced by page dates where found (median proxy gap 4 d, p90 1,178 d); fellows={'R015': 1}; captures are a sample of the outlet's AI output, so the denominator undercounts; share is fellow rows / captured AI rows",partial,1,7
W019,Euractiv,sitemap_or_index,83,83,83,0,2025-09-12,2026-09-10,2025-09-12 to 2026-09-11 inclusive,no,partial,"Common Crawl index + Wayback CDX captures of AI-keyword URLs (not a publisher sitemap); dates: jina_meta=31/cc_warc_jsonld=19/jsonld=10/publisher_listing=9/wayback_first_capture=8/jina_jsonld=6; AI publisher_tag=9 keyword_fallback=74; authors from CC WARC / Wayback page bodies (scripts/authors_from_cc.py, authors_from_wayback.py)",CC-EUR-CC-MAIN-2025-51-p00;CC-EUR-CC-MAIN-2026-25-p05;CC-EUR-CC-MAIN-2025-38-p00;CC-EUR-CC-MAIN-2025-38-p01;CC-EUR-CC-MAIN-2025-43-p00;CC-EUR-CC-MAIN-2025-43-p01;CC-EUR-CC-MAIN-2025-47-p00;CC-EUR-CC-MAIN-2025-47-p01;CC-EUR-CC-MAIN-2026-34-p04;CC-EUR-CC-MAIN-2026-34-p05;CC-EUR-CC-MAIN-2026-34-p06;CC-EUR-CC-MAIN-2026-25-p06,"pass3+dates: rows=379 dated=379 in_window=83; Wayback first-capture proxies replaced by page dates where found (median proxy gap 4 d, p90 1,178 d); fellows={}; captures are a sample of the outlet's AI output, so the denominator undercounts; share is fellow rows / captured AI rows",partial,9,74
